author,author_fullname,created_utc,author_flair_richtext,author_flair_text,author_is_blocked,body,controversiality,id,link_id,name,parent_id,permalink,score,ups
Swagatron92,t2_baykv6m,1693523232,"[{'a': ':ucf2:', 'e': 'emoji', 'u': 'https://emoji.redditmedia.com/jtax3v2z3cl11_t5_2qm9d/ucf2'}, {'e': 'text', 't': ' '}, {'a': ':wisconsin:', 'e': 'emoji', 'u': 'https://emoji.redditmedia.com/m74scp58xr561_t5_2qm9d/wisconsin'}, {'e': 'text', 't': ' UCF • Wisconsin'}]",:ucf2: :wisconsin: UCF • Wisconsin,False,I think this is the first time I've ever seen a UWSP game thread. Go Pointers.,0,jyl89hw,t3_166pzlo,t1_jyl89hw,t3_166pzlo,/r/CFB/comments/166pzlo/game_thread_wisconsinstevens_point_lindenwood_800/jyl89hw/,1,1
Swagatron92,t2_baykv6m,1693523232,"[{'a': ':ucf2:', 'e': 'emoji', 'u': 'https://emoji.redditmedia.com/jtax3v2z3cl11_t5_2qm9d/ucf2'}, {'e': 'text', 't': ' '}, {'a': ':wisconsin:', 'e': 'emoji', 'u': 'https://emoji.redditmedia.com/m74scp58xr561_t5_2qm9d/wisconsin'}, {'e': 'text', 't': ' UCF • Wisconsin'}]",:ucf2: :wisconsin: UCF • Wisconsin,False,I think this is the first time I've ever seen a UWSP game thread. Go Pointers.,0,jyl89hw,t3_166pzlo,t1_jyl89hw,t3_166pzlo,/r/CFB/comments/166pzlo/game_thread_wisconsinstevens_point_lindenwood_800/jyl89hw/,1,1
Carolina_913,t2_dzqpsvf9,1693528765,"[{'a': ':northcarolina:', 'e': 'emoji', 'u': 'https://emoji.redditmedia.com/3hge2j8ixbl11_t5_2qm9d/northcarolina'}, {'e': 'text', 't': ' '}, {'a': ':wingate:', 'e': 'emoji', 'u': 'https://emoji.redditmedia.com/q5t2o64y96571_t5_2qm9d/wingate'}, {'e': 'text', 't': ' North Carolina • Wingate'}]",:northcarolina: :wingate: North Carolina • Wingate,False,Only real homies tune into Wisconsin-Stevens Point @ Lindenwood,0,jyll9xm,t3_166pzlo,t1_jyll9xm,t3_166pzlo,/r/CFB/comments/166pzlo/game_thread_wisconsinstevens_point_lindenwood_800/jyll9xm/,9,9
Carolina_913,t2_dzqpsvf9,1693528765,"[{'a': ':northcarolina:', 'e': 'emoji', 'u': 'https://emoji.redditmedia.com/3hge2j8ixbl11_t5_2qm9d/northcarolina'}, {'e': 'text', 't': ' '}, {'a': ':wingate:', 'e': 'emoji', 'u': 'https://emoji.redditmedia.com/q5t2o64y96571_t5_2qm9d/wingate'}, {'e': 'text', 't': ' North Carolina • Wingate'}]",:northcarolina: :wingate: North Carolina • Wingate,False,Only real homies tune into Wisconsin-Stevens Point @ Lindenwood,0,jyll9xm,t3_166pzlo,t1_jyll9xm,t3_166pzlo,/r/CFB/comments/166pzlo/game_thread_wisconsinstevens_point_lindenwood_800/jyll9xm/,9,9
cluckkkkkkkkkkkk,t2_2p8y6inj,1693530843,[],,False,"Watch out, the Pointers are a second half team",0,jylq5ku,t3_166pzlo,t1_jylq5ku,t3_166pzlo,/r/CFB/comments/166pzlo/game_thread_wisconsinstevens_point_lindenwood_800/jylq5ku/,1,1
cluckkkkkkkkkkkk,t2_2p8y6inj,1693530843,[],,False,"Watch out, the Pointers are a second half team",0,jylq5ku,t3_166pzlo,t1_jylq5ku,t3_166pzlo,/r/CFB/comments/166pzlo/game_thread_wisconsinstevens_point_lindenwood_800/jylq5ku/,1,1
Davidellias,t2_5j3ab,1693533349,"[{'a': ':virginiatech:', 'e': 'emoji', 'u': 'https://emoji.redditmedia.com/kr4d17mmxr561_t5_2qm9d/virginiatech'}, {'e': 'text', 't': ' '}, {'a': ':wisconsin:', 'e': 'emoji', 'u': 'https://emoji.redditmedia.com/m74scp58xr561_t5_2qm9d/wisconsin'}, {'e': 'text', 't': ' Virginia Tech • Wisconsin'}]",:virginiatech: :wisconsin: Virginia Tech • Wisconsin,False,"Shame it's Stevens Point and not Eau Claire, UWEC is so much easier to make fun of.",0,jylwb22,t3_166pzlo,t1_jylwb22,t1_jyl89hw,/r/CFB/comments/166pzlo/game_thread_wisconsinstevens_point_lindenwood_800/jylwb22/,4,4
Davidellias,t2_5j3ab,1693533349,"[{'a': ':virginiatech:', 'e': 'emoji', 'u': 'https://emoji.redditmedia.com/kr4d17mmxr561_t5_2qm9d/virginiatech'}, {'e': 'text', 't': ' '}, {'a': ':wisconsin:', 'e': 'emoji', 'u': 'https://emoji.redditmedia.com/m74scp58xr561_t5_2qm9d/wisconsin'}, {'e': 'text', 't': ' Virginia Tech • Wisconsin'}]",:virginiatech: :wisconsin: Virginia Tech • Wisconsin,False,"Shame it's Stevens Point and not Eau Claire, UWEC is so much easier to make fun of.",0,jylwb22,t3_166pzlo,t1_jylwb22,t1_jyl89hw,/r/CFB/comments/166pzlo/game_thread_wisconsinstevens_point_lindenwood_800/jylwb22/,4,4
slightlyuglyboss,t2_jxvklcxl,1693537990,"[{'a': ':wyoming:', 'e': 'emoji', 'u': 'https://emoji.redditmedia.com/dktauf4jccl11_t5_2qm9d/wyoming'}, {'e': 'text', 't': ' '}, {'a': ':holycross:', 'e': 'emoji', 'u': 'https://emoji.redditmedia.com/kp2jfadorbl11_t5_2qm9d/holycross'}, {'e': 'text', 't': ' Wyoming • Holy Cross'}]",:wyoming: :holycross: Wyoming • Holy Cross,False,"There are less than 10 people on UW-SP that aren't from Wisconsin. I know its like D3, but still impressive",0,jym72ls,t3_166pzlo,t1_jym72ls,t3_166pzlo,/r/CFB/comments/166pzlo/game_thread_wisconsinstevens_point_lindenwood_800/jym72ls/,1,1
slightlyuglyboss,t2_jxvklcxl,1693537990,"[{'a': ':wyoming:', 'e': 'emoji', 'u': 'https://emoji.redditmedia.com/dktauf4jccl11_t5_2qm9d/wyoming'}, {'e': 'text', 't': ' '}, {'a': ':holycross:', 'e': 'emoji', 'u': 'https://emoji.redditmedia.com/kp2jfadorbl11_t5_2qm9d/holycross'}, {'e': 'text', 't': ' Wyoming • Holy Cross'}]",:wyoming: :holycross: Wyoming • Holy Cross,False,"There are less than 10 people on UW-SP that aren't from Wisconsin. I know its like D3, but still impressive",0,jym72ls,t3_166pzlo,t1_jym72ls,t3_166pzlo,/r/CFB/comments/166pzlo/game_thread_wisconsinstevens_point_lindenwood_800/jym72ls/,1,1
